                  epoch,         train/box_loss,         train/cls_loss,         train/dfl_loss,   metrics/precision(B),      metrics/recall(B),       metrics/mAP50(B),    metrics/mAP50-95(B),           val/box_loss,           val/cls_loss,           val/dfl_loss,                 lr/pg0,                 lr/pg1,                 lr/pg2
                      1,                 2.0202,                 3.5518,                 1.8664,                0.00827,                 0.5082,                0.19532,                0.08667,                 1.2828,                 3.2572,                 1.3164,                 0.0002,                 0.0002,                 0.0002
                      2,                 1.1267,                 2.0798,                 1.1916,                 0.0108,                0.66393,                0.42073,                 0.2632,                 1.0306,                 3.0262,                 1.1408,             0.00041792,             0.00041792,             0.00041792
                      3,                 1.0855,                 1.7408,                 1.1456,                0.01033,                0.63525,                0.40136,                0.23497,                   1.06,                 3.0513,                 1.1409,             0.00063366,             0.00063366,             0.00063366
                      4,                0.99596,                 1.5148,                 1.0857,                  0.011,                0.67623,                0.35982,                  0.199,                 1.0936,                 3.0133,                 1.2475,             0.00084723,             0.00084723,             0.00084723
                      5,                 1.1272,                  1.478,                 1.1521,                0.71163,                0.12139,                0.29206,                0.16647,                 1.2025,                 3.0761,                 1.2495,              0.0010586,              0.0010586,              0.0010586
                      6,                  1.145,                 1.5719,                 1.1952,                 0.7731,                0.26533,                0.36263,                0.20702,                 1.2695,                 2.7958,                 1.4507,              0.0012678,              0.0012678,              0.0012678
                      7,                 1.1035,                 1.4647,                  1.166,                0.50838,                0.28279,                0.32631,                0.16818,                 1.3269,                  2.715,                 1.3775,              0.0014749,              0.0014749,              0.0014749
                      8,                 1.0707,                 1.3842,                 1.1373,                0.01336,                0.58197,                0.02978,                0.00985,                  2.026,                 3.1943,                 2.2615,              0.0016797,              0.0016797,              0.0016797
                      9,                 1.1664,                 1.3735,                 1.1873,                0.10161,                0.15574,                0.04825,                0.02341,                 1.9413,                 3.0093,                 1.9405,              0.0018824,              0.0018824,              0.0018824
                     10,                  1.195,                 1.3488,                  1.205,                0.20494,                0.30738,                0.14501,                0.07345,                 1.6459,                 2.5482,                 1.5418,              0.0019109,              0.0019109,              0.0019109
                     11,                 1.1904,                 1.3048,                 1.2116,                0.43118,                0.31557,                0.26934,                0.15936,                 1.6606,                 2.4353,                 1.5073,               0.001901,               0.001901,               0.001901
                     12,                 1.1865,                 1.3503,                  1.238,                0.59067,                0.59016,                0.59233,                0.35383,                 1.3824,                 1.7013,                 1.4096,              0.0018911,              0.0018911,              0.0018911
                     13,                 1.1386,                  1.277,                  1.192,                0.67569,                 0.4611,                0.52559,                0.32034,                 1.4779,                 1.8558,                 1.4521,              0.0018812,              0.0018812,              0.0018812
                     14,                 1.1337,                 1.1975,                 1.1606,                0.62777,                0.41393,                  0.459,                0.26529,                 1.7535,                 1.7861,                 1.6953,              0.0018713,              0.0018713,              0.0018713
                     15,                  1.069,                 1.1417,                 1.1363,                0.58833,                0.57987,                0.57721,                0.30968,                 1.4462,                 1.6474,                 1.4252,              0.0018614,              0.0018614,              0.0018614
                     16,                 1.0698,                 1.0564,                 1.1211,                0.71854,                0.59016,                0.66955,                 0.4278,                 1.2791,                 1.2922,                 1.3293,              0.0018515,              0.0018515,              0.0018515
                     17,                 1.0691,                 1.0022,                 1.1273,                0.78816,                0.67094,                0.76215,                0.51007,                 1.1203,                 1.1214,                 1.1906,              0.0018416,              0.0018416,              0.0018416
                     18,                 1.0637,                 1.0129,                 1.1267,                0.69341,                   0.75,                0.75353,                 0.4859,                 1.2064,                 1.1443,                 1.2388,              0.0018317,              0.0018317,              0.0018317
                     19,                 1.0511,                 1.0447,                 1.1198,                0.71809,                0.77049,                0.77179,                0.49745,                 1.1797,                 1.0971,                 1.2325,              0.0018218,              0.0018218,              0.0018218
                     20,                 1.0074,                0.95184,                 1.0712,                0.63646,                0.68443,                0.69378,                 0.4428,                 1.2257,                 1.2545,                 1.2604,              0.0018119,              0.0018119,              0.0018119
                     21,                0.98901,                0.92812,                  1.099,                0.71378,                0.72951,                 0.7331,                0.44517,                 1.2552,                  1.133,                 1.2479,               0.001802,               0.001802,               0.001802
                     22,                   1.05,                0.96522,                 1.1064,                 0.6705,                0.62295,                0.65168,                0.41154,                 1.2479,                  1.282,                 1.2577,              0.0017921,              0.0017921,              0.0017921
                     23,                0.96014,                0.91389,                 1.0872,                0.68776,                0.70413,                 0.7174,                0.47299,                 1.1093,                 1.1318,                 1.1939,              0.0017822,              0.0017822,              0.0017822
                     24,                0.98819,                0.87638,                 1.0934,                0.75605,                0.80328,                0.77885,                0.52251,                 1.0641,                 1.0514,                 1.1263,              0.0017723,              0.0017723,              0.0017723
                     25,                0.94149,                 0.8728,                 1.0846,                0.73543,                0.78689,                0.76845,                0.51199,                 1.1305,                 1.0507,                 1.1463,              0.0017624,              0.0017624,              0.0017624
                     26,                0.94565,                0.82875,                 1.0687,                0.79618,                0.84426,                0.80124,                0.54229,                 1.0909,                0.94445,                 1.1816,              0.0017525,              0.0017525,              0.0017525
                     27,                0.95428,                0.81879,                 1.0666,                 0.7364,                0.78689,                 0.7696,                0.53177,                 1.0729,                 0.9846,                 1.1328,              0.0017426,              0.0017426,              0.0017426
                     28,                 0.9337,                0.80714,                 1.0342,                0.76885,                0.82377,                  0.791,                0.53714,                 1.0616,                 1.0025,                  1.156,              0.0017327,              0.0017327,              0.0017327
                     29,                0.97009,                  0.809,                 1.0874,                0.79507,                0.76323,                0.80941,                0.54786,                  1.085,                 1.0254,                 1.1597,              0.0017228,              0.0017228,              0.0017228
                     30,                0.94435,                0.79137,                 1.0624,                0.78622,                 0.7623,                0.80756,                 0.5716,                 1.0205,                0.94493,                 1.1124,              0.0017129,              0.0017129,              0.0017129
                     31,                 0.9727,                  0.787,                 1.0969,                 0.7769,                   0.75,                0.80353,                0.55928,                  1.031,                0.95628,                 1.0929,               0.001703,               0.001703,               0.001703
                     32,                0.95095,                0.76259,                 1.0495,                0.79268,                0.84617,                0.82623,                0.57347,                 1.0229,                0.94237,                  1.093,              0.0016931,              0.0016931,              0.0016931
                     33,                0.93849,                0.74088,                 1.0686,                0.77753,                0.78689,                 0.7995,                 0.5741,                 1.0265,                0.94313,                 1.1241,              0.0016832,              0.0016832,              0.0016832
                     34,                0.92369,                 0.7728,                 1.0617,                0.71095,                0.80738,                0.73844,                0.48562,                 1.0676,                 1.0634,                 1.1378,              0.0016733,              0.0016733,              0.0016733
                     35,                0.90243,                0.77187,                 1.0519,                0.75412,                0.84216,                0.81791,                0.53687,                 1.0733,                0.94257,                 1.1292,              0.0016634,              0.0016634,              0.0016634
                     36,                0.87543,                0.72052,                 1.0475,                0.76926,                0.79248,                0.81689,                0.58144,                 1.0406,                0.91887,                 1.1192,              0.0016535,              0.0016535,              0.0016535
                     37,                0.87716,                 0.7111,                 1.0406,                0.77117,                0.84251,                0.82757,                0.57201,                 1.0483,                0.91275,                 1.1205,              0.0016436,              0.0016436,              0.0016436
                     38,                 0.9012,                 0.7382,                 1.0334,                0.79141,                0.82413,                0.81739,                 0.5528,                 1.0267,                 0.9516,                 1.1198,              0.0016337,              0.0016337,              0.0016337
                     39,                0.87773,                0.71154,                 1.0293,                0.78144,                0.79098,                 0.8339,                0.57647,                 1.0517,                0.90322,                 1.1427,              0.0016238,              0.0016238,              0.0016238
                     40,                0.88312,                0.72435,                 1.0333,                0.81067,                0.81148,                0.83407,                 0.5944,                 1.0101,                0.88609,                 1.1096,              0.0016139,              0.0016139,              0.0016139
                     41,                0.86601,                0.71485,                  1.021,                0.82739,                0.80547,                0.84027,                0.59599,                 1.0092,                0.82195,                 1.0942,               0.001604,               0.001604,               0.001604
                     42,                0.87593,                0.68883,                 1.0493,                0.81055,                0.82412,                0.84752,                0.57922,                 1.0518,                0.86745,                 1.1483,              0.0015941,              0.0015941,              0.0015941
                     43,                0.88009,                0.70967,                 1.0365,                0.87357,                0.82787,                0.86443,                0.61423,                0.99466,                0.78482,                 1.0858,              0.0015842,              0.0015842,              0.0015842
                     44,                0.87362,                0.69669,                 1.0433,                0.80963,                0.87705,                0.84456,                0.58903,                 1.0049,                0.81461,                  1.093,              0.0015743,              0.0015743,              0.0015743
                     45,                0.85499,                0.69727,                 1.0141,                0.74512,                0.81557,                0.80544,                0.57974,                 1.0067,                0.94796,                 1.1089,              0.0015644,              0.0015644,              0.0015644
                     46,                0.86028,                  0.703,                 1.0406,                0.75109,                0.86475,                0.84038,                 0.6086,                0.98042,                0.82179,                 1.0815,              0.0015545,              0.0015545,              0.0015545
                     47,                0.85766,                0.68345,                 1.0274,                0.82773,                0.84677,                0.85428,                0.61866,                0.95846,                0.84077,                 1.0834,              0.0015446,              0.0015446,              0.0015446
                     48,                  0.846,                0.69299,                 1.0162,                0.85738,                0.81148,                0.87251,                0.61826,                0.96978,                0.87321,                 1.1014,              0.0015347,              0.0015347,              0.0015347
                     49,                0.82899,                0.65988,                 1.0244,                0.85283,                0.79098,                0.84388,                0.60586,                0.98374,                0.86379,                 1.1255,              0.0015248,              0.0015248,              0.0015248
                     50,                 0.8194,                0.63169,                 1.0171,                0.83531,                0.85224,                0.85672,                0.60875,                0.97471,                0.86178,                 1.0955,              0.0015149,              0.0015149,              0.0015149
                     51,                0.82653,                0.65143,                 1.0064,                0.83786,                0.83197,                0.85126,                0.59411,                 1.0331,                0.81601,                 1.1044,               0.001505,               0.001505,               0.001505
                     52,                 0.8366,                0.63456,                 1.0035,                0.78011,                0.84331,                 0.8476,                0.57747,                   1.03,                 0.8543,                 1.1458,              0.0014951,              0.0014951,              0.0014951
                     53,                0.82437,                0.60937,                 1.0066,                0.83167,                0.83022,                0.85699,                0.59286,                 1.0102,                0.84225,                 1.1209,              0.0014852,              0.0014852,              0.0014852
                     54,                 0.8058,                 0.6183,                0.98999,                0.83998,                 0.8175,                0.85148,                0.60765,                0.93938,                0.80976,                 1.0522,              0.0014753,              0.0014753,              0.0014753
                     55,                0.82212,                0.64719,                 1.0183,                0.84577,                 0.7377,                0.81139,                0.58048,                0.98872,                0.88985,                 1.0937,              0.0014654,              0.0014654,              0.0014654
                     56,                0.82346,                0.61556,                 1.0045,                0.80761,                0.80862,                0.83682,                0.58355,                 1.0087,                0.89614,                 1.1055,              0.0014555,              0.0014555,              0.0014555
                     57,                0.84176,                0.62897,                 1.0035,                0.86407,                0.78158,                0.83713,                0.57776,                 0.9732,                0.85816,                 1.0921,              0.0014456,              0.0014456,              0.0014456
                     58,                0.80377,                0.60588,                 1.0123,                0.81437,                0.81148,                 0.7904,                0.56081,                0.97793,                0.88898,                 1.1099,              0.0014357,              0.0014357,              0.0014357
                     59,                0.81137,                0.59696,                0.98197,                0.79803,                0.87705,                0.84769,                0.58478,                 1.0419,                0.83007,                  1.121,              0.0014258,              0.0014258,              0.0014258
                     60,                0.80647,                0.60109,                0.99965,                0.81291,                0.85656,                0.84699,                0.59668,                0.99138,                0.87078,                 1.0852,              0.0014159,              0.0014159,              0.0014159
                     61,                0.81554,                0.61617,                 1.0012,                 0.7874,                0.80449,                0.80719,                0.57386,                 1.0427,                0.89252,                 1.1349,               0.001406,               0.001406,               0.001406
                     62,                0.81003,                0.60233,                0.99053,                0.81002,                0.83875,                0.84192,                0.62097,                0.97219,                0.82927,                 1.0945,              0.0013961,              0.0013961,              0.0013961
                     63,                0.77322,                0.56538,                0.98422,                 0.8249,                0.82377,                0.85852,                0.61072,                0.96927,                0.82365,                 1.0865,              0.0013862,              0.0013862,              0.0013862
                     64,                0.81982,                0.61368,                0.99397,                0.83372,                0.82199,                0.85324,                0.61225,                0.99181,                 0.8146,                 1.0864,              0.0013763,              0.0013763,              0.0013763
                     65,                0.78237,                0.57101,                0.98486,                0.87569,                0.77951,                0.84926,                0.61324,                0.97309,                0.81329,                 1.1001,              0.0013664,              0.0013664,              0.0013664
                     66,                 0.7755,                0.58608,                0.97383,                 0.8364,                0.81715,                0.85534,                0.60467,                0.97033,                0.84263,                 1.1079,              0.0013565,              0.0013565,              0.0013565
                     67,                0.78479,                0.58827,                 1.0131,                0.82274,                0.81148,                0.82975,                  0.612,                0.94703,                0.91629,                 1.1152,              0.0013466,              0.0013466,              0.0013466
                     68,                0.76806,                 0.5848,                0.98728,                0.82886,                0.79397,                0.81539,                0.58496,                0.98267,                 0.9351,                 1.0916,              0.0013367,              0.0013367,              0.0013367
                     69,                0.75916,                0.56589,                0.98761,                0.86183,                0.79249,                 0.8365,                0.59943,                0.95513,                0.85983,                 1.0841,              0.0013268,              0.0013268,              0.0013268
                     70,                0.70906,                0.54276,                0.96549,                0.84527,                0.84836,                0.85474,                0.60046,                 1.0079,                0.86505,                 1.1016,              0.0013169,              0.0013169,              0.0013169
                     71,                0.71436,                0.54871,                0.98485,                0.83207,                0.81227,                0.83003,                0.58277,                0.99148,                0.87293,                 1.0965,               0.001307,               0.001307,               0.001307
                     72,                0.74659,                0.56851,                0.96032,                0.83754,                0.87295,                0.85922,                0.60941,                0.91646,                0.76503,                 1.0484,              0.0012971,              0.0012971,              0.0012971
                     73,                0.75938,                0.54676,                0.97333,                0.81533,                0.86066,                0.87468,                0.62704,                0.92369,                0.73952,                 1.0591,              0.0012872,              0.0012872,              0.0012872
                     74,                0.72537,                0.54282,                 0.9625,                0.85728,                0.81242,                0.88035,                0.64102,                0.93284,                0.72891,                 1.0383,              0.0012773,              0.0012773,              0.0012773
                     75,                 0.7458,                 0.5593,                 0.9902,                0.81775,                0.84426,                0.86959,                0.64522,                0.90508,                0.76026,                 1.0342,              0.0012674,              0.0012674,              0.0012674
                     76,                0.74844,                0.54021,                0.98192,                0.79574,                0.79918,                0.84085,                0.59939,                0.97574,                0.88242,                 1.0879,              0.0012575,              0.0012575,              0.0012575
                     77,                0.76129,                0.55628,                0.98371,                0.83268,                0.79918,                0.84887,                0.61263,                0.96161,                0.85226,                 1.0883,              0.0012476,              0.0012476,              0.0012476
                     78,                0.75037,                0.55152,                0.95589,                0.81338,                0.78597,                0.82577,                0.59171,                0.96726,                0.88102,                 1.1095,              0.0012377,              0.0012377,              0.0012377
                     79,                0.70839,                0.55693,                  0.982,                 0.8313,                0.78279,                0.84346,                0.61022,                 0.9841,                0.81075,                 1.1239,              0.0012278,              0.0012278,              0.0012278
                     80,                0.71549,                0.52937,                0.95681,                0.82923,                0.81148,                0.85117,                0.63362,                0.94604,                0.79261,                 1.0831,              0.0012179,              0.0012179,              0.0012179
                     81,                0.72285,                  0.533,                0.96649,                0.84031,                0.81953,                0.84509,                0.62266,                0.94662,                0.81592,                  1.074,               0.001208,               0.001208,               0.001208
                     82,                0.72528,                0.53374,                0.95236,                0.80191,                0.82956,                0.83041,                0.61223,                0.97979,                0.89576,                 1.1171,              0.0011981,              0.0011981,              0.0011981
                     83,                0.71746,                0.54024,                0.95236,                0.82749,                0.82377,                0.82382,                0.60646,                 1.0177,                0.93396,                  1.154,              0.0011882,              0.0011882,              0.0011882
                     84,                0.71035,                 0.5363,                0.94284,                0.86435,                0.82787,                0.84468,                0.62408,                0.93218,                0.85487,                 1.0823,              0.0011783,              0.0011783,              0.0011783
                     85,                0.66558,                0.47829,                0.94269,                0.85398,                0.84836,                0.86371,                0.63336,                0.94846,                0.78003,                  1.057,              0.0011684,              0.0011684,              0.0011684
                     86,                 0.7246,                0.50139,                0.96696,                0.87333,                0.84016,                0.86772,                0.64327,                0.94301,                0.76268,                 1.0514,              0.0011585,              0.0011585,              0.0011585
                     87,                 0.7113,                0.50167,                0.95314,                0.85679,                0.82787,                0.85442,                 0.6286,                0.96007,                0.80505,                 1.0807,              0.0011486,              0.0011486,              0.0011486
                     88,                0.75467,                0.54302,                 0.9524,                 0.8502,                0.87295,                0.87449,                0.65005,                 0.9415,                0.69899,                 1.0635,              0.0011387,              0.0011387,              0.0011387
                     89,                0.72501,                0.50972,                0.95301,                0.88869,                0.87295,                0.89155,                 0.6591,                0.92126,                0.70372,                 1.0488,              0.0011288,              0.0011288,              0.0011288
                     90,                0.71224,                0.50282,                0.94211,                0.81816,                0.85656,                 0.8503,                0.62695,                0.93605,                0.82752,                 1.0688,              0.0011189,              0.0011189,              0.0011189
                     91,                0.71129,                0.50308,                0.94015,                0.89299,                0.84836,                0.87567,                0.65759,                0.91485,                0.74487,                 1.0412,               0.001109,               0.001109,               0.001109
                     92,                0.70819,                0.50245,                0.94741,                0.89395,                0.85246,                0.87241,                0.64892,                0.89411,                0.73458,                 1.0268,              0.0010991,              0.0010991,              0.0010991
                     93,                0.66903,                0.48328,                0.93147,                0.89811,                0.86697,                 0.8795,                0.64811,                0.91401,                0.75722,                 1.0341,              0.0010892,              0.0010892,              0.0010892
                     94,                0.69192,                 0.4925,                0.95496,                0.86243,                0.84426,                0.84951,                0.61302,                0.94395,                0.87781,                 1.0814,              0.0010793,              0.0010793,              0.0010793
                     95,                0.69273,                0.48016,                0.94494,                 0.8353,                0.84426,                 0.8567,                0.60713,                   1.02,                0.86677,                 1.1079,              0.0010694,              0.0010694,              0.0010694
                     96,                0.68529,                0.47623,                0.95815,                0.85106,                0.85246,                0.85712,                0.62804,                0.91463,                0.80838,                 1.0583,              0.0010595,              0.0010595,              0.0010595
                     97,                0.69434,                 0.4769,                0.92344,                0.83452,                0.87295,                0.85497,                0.63156,                0.92126,                0.80057,                 1.0662,              0.0010496,              0.0010496,              0.0010496
                     98,                0.67107,                0.48058,                0.94457,                0.86527,                0.84426,                0.86394,                 0.6343,                0.94102,                0.83746,                 1.0995,              0.0010397,              0.0010397,              0.0010397
                     99,                0.64414,                0.46184,                0.92947,                0.83548,                0.84426,                0.84361,                0.62772,                0.95116,                0.87024,                 1.1013,              0.0010298,              0.0010298,              0.0010298
                    100,                 0.6417,                0.47238,                0.92587,                0.86384,                0.83197,                0.85232,                0.64295,                0.89863,                 0.7976,                 1.0539,              0.0010199,              0.0010199,              0.0010199
                    101,                0.63463,                0.44784,                0.92262,                0.85452,                0.84256,                0.85486,                0.64393,                0.89739,                0.79762,                 1.0528,                0.00101,                0.00101,                0.00101
                    102,                0.63328,                0.45117,                0.93465,                0.86373,                0.85721,                0.87666,                0.65863,                0.88719,                0.73131,                 1.0452,              0.0010001,              0.0010001,              0.0010001
                    103,                0.63818,                0.44711,                0.92692,                0.86212,                0.84569,                0.87524,                0.66579,                0.89402,                0.75177,                 1.0581,              0.0009902,              0.0009902,              0.0009902
                    104,                0.64484,                0.46337,                0.94351,                0.85185,                0.84836,                 0.8825,                0.67088,                0.89514,                0.74076,                 1.0566,              0.0009803,              0.0009803,              0.0009803
                    105,                0.63356,                0.45948,                0.92511,                 0.8668,                0.88012,                 0.8788,                 0.6521,                0.91712,                0.73015,                 1.0694,              0.0009704,              0.0009704,              0.0009704
                    106,                0.64059,                0.47025,                0.92686,                0.86478,                0.86494,                0.87826,                0.64882,                0.92563,                0.76828,                 1.0859,              0.0009605,              0.0009605,              0.0009605
                    107,                0.64718,                0.45143,                0.94363,                0.82325,                 0.8972,                0.87346,                0.65945,                 0.9026,                0.76199,                 1.0683,              0.0009506,              0.0009506,              0.0009506
                    108,                 0.6452,                0.44769,                0.93455,                0.81191,                0.90225,                0.87612,                0.66498,                0.90706,                0.70884,                 1.0274,              0.0009407,              0.0009407,              0.0009407
                    109,                0.61447,                 0.4572,                0.93298,                0.83684,                0.86183,                0.87993,                0.65977,                0.90354,                0.70331,                 1.0335,              0.0009308,              0.0009308,              0.0009308
                    110,                0.64264,                0.46238,                0.94093,                  0.877,                0.84745,                0.88021,                0.65944,                0.89647,                 0.7089,                 1.0354,              0.0009209,              0.0009209,              0.0009209
                    111,                0.62223,                0.44886,                0.92098,                0.88613,                 0.8611,                0.89193,                0.66458,                0.87134,                0.71494,                 1.0457,               0.000911,               0.000911,               0.000911
                    112,                0.62829,                0.43859,                0.92395,                0.90113,                0.88115,                0.89312,                0.67666,                0.87402,                0.70908,                  1.039,              0.0009011,              0.0009011,              0.0009011
                    113,                 0.6215,                0.44063,                0.90162,                0.90836,                0.86885,                0.89012,                0.65649,                 0.9283,                0.74885,                 1.0496,              0.0008912,              0.0008912,              0.0008912
                    114,                0.63977,                0.46327,                0.91562,                0.88815,                0.84615,                0.86392,                 0.6543,                0.91094,                0.80796,                 1.0737,              0.0008813,              0.0008813,              0.0008813
                    115,                0.60576,                0.42979,                 0.9113,                0.87408,                0.82504,                0.85889,                0.64425,                0.92131,                0.77882,                  1.095,              0.0008714,              0.0008714,              0.0008714
                    116,                0.63281,                0.45958,                0.91958,                0.89262,                0.82787,                0.86734,                0.62404,                0.96292,                0.78992,                 1.0947,              0.0008615,              0.0008615,              0.0008615
                    117,                0.63105,                0.42516,                0.92148,                0.87081,                0.82377,                0.86729,                 0.6443,                0.91046,                0.72201,                 1.0853,              0.0008516,              0.0008516,              0.0008516
                    118,                 0.6089,                0.41481,                0.91088,                0.86356,                0.86885,                 0.8789,                0.64983,                0.89493,                0.71726,                 1.0777,              0.0008417,              0.0008417,              0.0008417
                    119,                0.61903,                0.42824,                0.91761,                0.91961,                0.83197,                0.89074,                0.66374,                0.92996,                0.75463,                 1.0952,              0.0008318,              0.0008318,              0.0008318
                    120,                0.59742,                0.41441,                0.90757,                0.90125,                 0.8603,                0.88652,                0.67326,                0.89426,                0.69782,                  1.072,              0.0008219,              0.0008219,              0.0008219
                    121,                0.60019,                0.43319,                0.91172,                0.89173,                0.86475,                0.88618,                0.68007,                0.88031,                0.67642,                 1.0676,               0.000812,               0.000812,               0.000812
                    122,                0.58337,                0.41479,                0.90631,                0.89217,                0.84775,                 0.8852,                0.67179,                0.90562,                0.71854,                 1.0696,              0.0008021,              0.0008021,              0.0008021
                    123,                0.56223,                0.40266,                0.90635,                0.91283,                0.84426,                0.90009,                0.68564,                0.86221,                 0.7209,                 1.0347,              0.0007922,              0.0007922,              0.0007922
                    124,                0.60284,                0.42704,                0.90708,                0.86752,                0.85879,                0.90038,                0.68572,                0.88091,                0.74283,                 1.0543,              0.0007823,              0.0007823,              0.0007823
                    125,                 0.5909,                0.41853,                0.91418,                 0.8394,                0.87827,                 0.8905,                0.68034,                0.88623,                 0.7358,                 1.0547,              0.0007724,              0.0007724,              0.0007724
                    126,                0.56556,                0.39772,                0.91247,                0.85829,                0.87295,                0.88737,                0.67185,                0.89832,                0.73196,                 1.0437,              0.0007625,              0.0007625,              0.0007625
                    127,                0.61303,                0.42065,                0.91217,                0.86819,                0.86381,                0.88742,                0.67239,                0.89809,                0.72577,                 1.0503,              0.0007526,              0.0007526,              0.0007526
                    128,                0.58029,                0.40791,                0.90378,                0.87324,                0.84836,                0.87605,                0.67361,                0.89815,                0.71799,                 1.0522,              0.0007427,              0.0007427,              0.0007427
                    129,                0.58652,                0.40428,                0.90013,                0.83179,                0.87295,                0.87384,                0.67675,                0.87557,                0.72688,                 1.0452,              0.0007328,              0.0007328,              0.0007328
                    130,                0.57768,                 0.4027,                0.91677,                0.88906,                0.82787,                0.88456,                0.67833,                0.90641,                0.76409,                 1.0583,              0.0007229,              0.0007229,              0.0007229
                    131,                0.58253,                0.40447,                0.91478,                0.85027,                0.87705,                0.89286,                0.68685,                0.88511,                0.71794,                 1.0223,               0.000713,               0.000713,               0.000713
                    132,                0.60776,                0.42302,                0.92574,                0.88919,                0.86475,                0.89011,                0.67983,                0.86905,                0.69716,                 1.0297,              0.0007031,              0.0007031,              0.0007031
                    133,                0.61523,                0.42739,                0.91336,                0.87507,                0.86475,                0.88861,                0.67045,                0.89332,                0.70479,                 1.0466,              0.0006932,              0.0006932,              0.0006932
                    134,                0.58697,                0.42009,                0.90982,                 0.8647,                0.89057,                0.90392,                0.68145,                0.88914,                0.66906,                 1.0346,              0.0006833,              0.0006833,              0.0006833
                    135,                0.60352,                 0.4209,                0.90371,                 0.8736,                0.87808,                0.90108,                0.68153,                0.86159,                0.68594,                 1.0191,              0.0006734,              0.0006734,              0.0006734
                    136,                0.55619,                0.39172,                0.89928,                0.88699,                0.86851,                0.90127,                0.67072,                0.89748,                0.67738,                 1.0251,              0.0006635,              0.0006635,              0.0006635
                    137,                0.58003,                0.39802,                0.90621,                0.88002,                0.87171,                0.89813,                0.67588,                0.88664,                0.68688,                 1.0255,              0.0006536,              0.0006536,              0.0006536
                    138,                0.55175,                0.38565,                0.91996,                0.90668,                 0.8362,                0.88806,                0.67341,                0.87581,                0.71314,                 1.0347,              0.0006437,              0.0006437,              0.0006437
                    139,                0.54988,                0.39165,                0.89105,                0.89428,                0.84426,                0.88759,                0.68597,                0.88136,                 0.7271,                  1.035,              0.0006338,              0.0006338,              0.0006338
                    140,                0.55007,                0.38305,                 0.9093,                0.90878,                0.85739,                0.89836,                 0.6927,                 0.8871,                0.71343,                 1.0389,              0.0006239,              0.0006239,              0.0006239
                    141,                0.53629,                0.37489,                0.89727,                0.92421,                0.88115,                0.90581,                0.69313,                0.89966,                 0.6901,                 1.0316,               0.000614,               0.000614,               0.000614
                    142,                0.54943,                0.40047,                0.89604,                0.89087,                0.86989,                0.89026,                 0.6873,                0.88631,                0.70582,                 1.0342,              0.0006041,              0.0006041,              0.0006041
                    143,                0.54707,                0.39526,                0.89677,                 0.9164,                0.85361,                0.90089,                0.67815,                0.88786,                0.70926,                 1.0327,              0.0005942,              0.0005942,              0.0005942
                    144,                0.52755,                0.38014,                0.90083,                 0.9357,                  0.835,                0.89343,                0.66746,                 0.9283,                0.71971,                 1.0353,              0.0005843,              0.0005843,              0.0005843
                    145,                0.53837,                0.38817,                0.90027,                0.87845,                0.85895,                0.89362,                0.68621,                0.87899,                0.73964,                 1.0247,              0.0005744,              0.0005744,              0.0005744
                    146,                0.52534,                0.37866,                0.89159,                 0.8679,                0.87705,                0.89428,                0.68091,                0.86222,                0.70515,                 1.0266,              0.0005645,              0.0005645,              0.0005645
                    147,                0.56384,                0.38709,                0.89309,                0.91221,                0.85246,                0.89184,                0.68598,                0.85389,                0.69555,                 1.0255,              0.0005546,              0.0005546,              0.0005546
                    148,                 0.5272,                0.36596,                0.90066,                0.88785,                0.87705,                0.89033,                0.68054,                 0.8709,                0.69972,                 1.0454,              0.0005447,              0.0005447,              0.0005447
                    149,                0.56261,                0.38603,                0.88917,                0.88975,                0.86475,                0.88271,                 0.6823,                0.87789,                0.70312,                 1.0359,              0.0005348,              0.0005348,              0.0005348
                    150,                0.55163,                0.38249,                 0.8908,                0.89073,                0.86885,                0.88697,                0.67924,                0.88517,                0.70771,                 1.0484,              0.0005249,              0.0005249,              0.0005249
                    151,                0.51429,                0.36939,                0.89306,                0.88933,                0.86885,                0.88723,                0.69106,                0.87572,                0.71639,                 1.0386,               0.000515,               0.000515,               0.000515
                    152,                0.53282,                0.37364,                0.90024,                0.88866,                0.85246,                 0.8821,                0.69754,                0.84535,                0.71572,                 1.0281,              0.0005051,              0.0005051,              0.0005051
                    153,                0.54243,                0.38411,                0.89765,                0.89188,                0.84426,                0.88046,                0.69001,                0.84473,                0.71437,                 1.0362,              0.0004952,              0.0004952,              0.0004952
                    154,                0.54425,                0.37792,                0.88803,                0.86018,                0.84836,                 0.8804,                0.67412,                0.88622,                 0.7272,                 1.0469,              0.0004853,              0.0004853,              0.0004853
                    155,                0.50896,                0.37071,                 0.8747,                0.88612,                0.86107,                0.89038,                0.67779,                0.86948,                 0.7215,                 1.0506,              0.0004754,              0.0004754,              0.0004754
                    156,                 0.5337,                0.39158,                0.90375,                0.87452,                0.87295,                0.89046,                0.68579,                0.88047,                0.73705,                 1.0583,              0.0004655,              0.0004655,              0.0004655
                    157,                0.50861,                0.36687,                0.88552,                0.87729,                0.85656,                0.88544,                0.68398,                0.86988,                0.73706,                 1.0362,              0.0004556,              0.0004556,              0.0004556
                    158,                0.51466,                0.34943,                0.87905,                0.90096,                0.86885,                0.88949,                0.68457,                0.86272,                0.73238,                 1.0112,              0.0004457,              0.0004457,              0.0004457
                    159,                0.50848,                0.36147,                0.87386,                0.89306,                0.86885,                0.88635,                0.68784,                0.86653,                0.72056,                 1.0139,              0.0004358,              0.0004358,              0.0004358
                    160,                0.53088,                0.36912,                0.89164,                0.91729,                0.83197,                0.88464,                0.68382,                0.87701,                 0.6957,                 1.0103,              0.0004259,              0.0004259,              0.0004259
                    161,                0.51049,                 0.3694,                0.87784,                0.89969,                0.84016,                 0.8862,                0.68574,                0.88888,                 0.7093,                 1.0064,               0.000416,               0.000416,               0.000416
                    162,                0.53343,                0.37784,                0.89258,                0.87295,                0.86066,                0.88484,                0.68922,                0.86797,                 0.7348,                 1.0184,              0.0004061,              0.0004061,              0.0004061
                    163,                0.49383,                0.36277,                0.88624,                0.89257,                0.84016,                 0.8846,                0.69026,                0.89167,                0.74116,                  1.031,              0.0003962,              0.0003962,              0.0003962
                    164,                0.45836,                0.33975,                0.87705,                0.89628,                0.84993,                0.88861,                0.68094,                0.90169,                0.72212,                 1.0318,              0.0003863,              0.0003863,              0.0003863
                    165,                 0.5177,                0.36249,                0.88424,                0.86664,                0.87892,                0.89174,                0.68525,                0.90543,                0.71085,                 1.0366,              0.0003764,              0.0003764,              0.0003764
                    166,                0.45945,                 0.3372,                0.86202,                 0.8989,                0.87458,                 0.8927,                0.68833,                0.87594,                0.70449,                 1.0413,              0.0003665,              0.0003665,              0.0003665
                    167,                0.48023,                0.34226,                0.88256,                0.88564,                0.86885,                0.88986,                0.68899,                0.88358,                0.70583,                 1.0509,              0.0003566,              0.0003566,              0.0003566
                    168,                0.49712,                0.35673,                0.87934,                0.89842,                0.83197,                0.88662,                0.68265,                0.87744,                0.70382,                 1.0404,              0.0003467,              0.0003467,              0.0003467
                    169,                0.46496,                0.34065,                0.87597,                0.90027,                0.85088,                0.88616,                0.68149,                0.86962,                0.70692,                 1.0307,              0.0003368,              0.0003368,              0.0003368
                    170,                0.47302,                 0.3457,                0.88454,                0.90747,                0.84408,                0.88943,                0.69094,                0.87086,                0.69415,                 1.0318,              0.0003269,              0.0003269,              0.0003269
                    171,                0.46051,                0.33765,                0.87326,                0.88391,                0.84257,                0.88924,                0.68914,                0.87362,                0.69224,                 1.0394,               0.000317,               0.000317,               0.000317
                    172,                0.48031,                0.34854,                0.87776,                0.92256,                0.82997,                0.89509,                0.69132,                 0.8842,                0.70221,                 1.0413,              0.0003071,              0.0003071,              0.0003071
                    173,                0.49115,                0.34782,                0.88102,                0.92821,                0.84426,                0.90128,                0.69342,                0.86796,                0.68974,                  1.036,              0.0002972,              0.0002972,              0.0002972
                    174,                0.48167,                0.35026,                 0.8803,                0.90094,                0.87295,                0.90325,                0.68785,                0.87907,                0.68815,                 1.0381,              0.0002873,              0.0002873,              0.0002873
                    175,                0.46889,                0.33911,                0.87208,                0.88462,                0.86066,                 0.8956,                0.68902,                 0.8887,                0.70075,                 1.0247,              0.0002774,              0.0002774,              0.0002774
                    176,                 0.4738,                0.34392,                0.87777,                0.86217,                0.87165,                 0.8928,                0.69093,                0.87913,                 0.6905,                 1.0308,              0.0002675,              0.0002675,              0.0002675
                    177,                0.45269,                0.32286,                 0.8705,                0.86506,                0.86885,                0.89041,                0.68964,                0.87472,                0.68302,                 1.0246,              0.0002576,              0.0002576,              0.0002576
                    178,                0.46084,                0.32823,                0.87722,                0.87192,                0.86488,                0.88738,                0.68962,                0.88648,                0.68492,                  1.032,              0.0002477,              0.0002477,              0.0002477
                    179,                 0.4471,                0.31876,                0.86844,                0.89357,                 0.8602,                0.88565,                0.69275,                0.87062,                 0.6822,                 1.0261,              0.0002378,              0.0002378,              0.0002378
                    180,                0.47748,                0.34723,                0.88473,                0.89728,                0.85925,                 0.8916,                0.69463,                0.87571,                0.68385,                 1.0223,              0.0002279,              0.0002279,              0.0002279
                    181,                0.46226,                0.32942,                0.87364,                0.87204,                0.87705,                 0.8929,                0.69863,                0.87858,                0.70308,                 1.0251,               0.000218,               0.000218,               0.000218
                    182,                 0.4485,                0.33389,                0.86295,                0.88544,                0.85527,                0.88918,                0.70265,                0.84743,                0.69895,                 1.0136,              0.0002081,              0.0002081,              0.0002081
                    183,                 0.4519,                0.33262,                 0.8621,                0.88313,                0.86716,                0.89041,                0.69827,                0.85352,                0.68711,                 1.0162,              0.0001982,              0.0001982,              0.0001982
                    184,                0.44875,                0.32904,                0.87173,                0.88484,                0.86885,                0.89862,                0.69995,                 0.8675,                0.67171,                 1.0182,              0.0001883,              0.0001883,              0.0001883
                    185,                0.46481,                0.33021,                0.86179,                0.90809,                0.86885,                0.90067,                0.70136,                0.86167,                0.66029,                  1.009,              0.0001784,              0.0001784,              0.0001784
                    186,                0.44854,                0.32618,                0.87155,                0.90577,                0.86673,                0.90266,                0.70219,                0.85407,                 0.6435,                 1.0068,              0.0001685,              0.0001685,              0.0001685
                    187,                0.42747,                0.31375,                0.85881,                0.88961,                0.87295,                0.89871,                0.70679,                0.85809,                0.63912,                 1.0111,              0.0001586,              0.0001586,              0.0001586
                    188,                0.44186,                0.32952,                0.86068,                0.89027,                0.87295,                0.89374,                0.70011,                0.85554,                0.63549,                 1.0073,              0.0001487,              0.0001487,              0.0001487
                    189,                 0.4527,                0.32454,                0.86584,                0.89617,                0.88433,                0.89386,                0.69878,                0.87091,                0.63917,                 1.0191,              0.0001388,              0.0001388,              0.0001388
                    190,                0.42545,                 0.3187,                0.86599,                0.89388,                0.88115,                0.89254,                0.69506,                 0.8774,                0.64721,                 1.0181,              0.0001289,              0.0001289,              0.0001289
                    191,                0.42145,                0.32665,                0.83718,                0.88691,                0.87705,                0.88793,                0.68638,                 0.8807,                0.66526,                 1.0226,               0.000119,               0.000119,               0.000119
                    192,                 0.4266,                0.31046,                0.83645,                 0.8768,                0.88525,                0.88476,                0.68277,                0.88322,                0.67909,                 1.0225,              0.0001091,              0.0001091,              0.0001091
                    193,                0.39692,                0.30516,                0.82436,                0.87792,                0.88416,                0.88403,                0.68064,                0.87549,                0.67135,                  1.023,               9.92e-05,               9.92e-05,               9.92e-05
                    194,                0.42177,                0.30771,                0.84024,                0.86898,                0.89344,                0.88208,                0.67581,                0.86532,                0.66409,                 1.0236,               8.93e-05,               8.93e-05,               8.93e-05
                    195,                0.39661,                0.29676,                0.83805,                0.87675,                0.87705,                0.88166,                0.67786,                 0.8745,                0.66513,                 1.0349,               7.94e-05,               7.94e-05,               7.94e-05
                    196,                0.41898,                0.31048,                0.83599,                0.87497,                0.88908,                0.88312,                0.67821,                0.87822,                0.66476,                 1.0362,               6.95e-05,               6.95e-05,               6.95e-05
                    197,                0.40558,                0.30561,                0.83652,                0.89181,                0.87295,                0.88439,                0.67945,                0.87719,                0.66489,                 1.0362,               5.96e-05,               5.96e-05,               5.96e-05
                    198,                0.41267,                0.30648,                0.83628,                0.88108,                0.88525,                0.88535,                 0.6831,                0.87165,                0.66456,                 1.0293,               4.97e-05,               4.97e-05,               4.97e-05
                    199,                0.40064,                0.29962,                0.84063,                0.88189,                0.88525,                0.88805,                0.68496,                0.87347,                0.65638,                 1.0304,               3.98e-05,               3.98e-05,               3.98e-05
                    200,                0.38488,                0.29086,                 0.8223,                0.88273,                0.88525,                0.88818,                0.68697,                0.86945,                0.65722,                 1.0241,               2.99e-05,               2.99e-05,               2.99e-05
